vendor_risk_score,software_update_frequency,known_vulnerabilities,patch_delay_days,third_party_access_level,network_exposure_score,past_incidents,threat_actor_activity,security_audit_score,employee_security_training,threat_level
7,1,3,15,4,7,3,10,95,1,Low
4,15,12,0,2,8,6,2,78,1,Low
8,8,7,62,3,8,6,1,49,0,High
5,28,18,20,5,10,5,10,2,1,High
7,11,11,29,3,7,4,1,48,1,Medium
10,12,17,12,1,5,1,8,14,0,High
3,12,5,33,5,1,7,2,59,0,Medium
7,4,17,3,3,9,4,10,97,1,Medium
8,16,18,27,4,7,0,5,99,0,Medium
5,4,4,58,5,2,0,4,58,1,Low
4,5,8,26,5,6,0,8,58,0,Medium
8,24,2,68,2,2,5,2,51,1,Medium
8,5,9,24,4,1,6,10,84,1,Medium
3,8,18,2,1,7,2,9,2,1,Medium
6,10,2,67,3,2,7,7,41,0,High
5,17,14,24,2,2,6,7,83,1,Medium
2,28,0,19,3,5,2,1,82,0,Low
8,26,6,33,1,5,2,2,16,1,Medium
6,9,11,25,1,7,6,4,4,1,High
2,22,16,4,5,1,7,4,12,1,Medium
5,19,19,60,1,8,5,3,29,1,High
1,29,4,8,3,3,4,7,7,1,Low
10,14,3,49,4,4,2,8,14,0,High
6,8,11,5,4,9,1,2,12,0,Medium
9,9,19,82,5,4,6,4,99,0,High
1,22,17,59,3,10,6,3,5,1,High
10,11,16,43,3,5,0,2,81,1,Medium
3,23,18,10,1,7,4,6,32,0,High
7,1,8,65,3,4,0,4,74,1,Medium
4,14,3,46,2,1,6,6,43,1,Medium
9,5,1,72,1,9,6,2,81,1,Medium
3,21,3,84,2,4,2,4,69,0,Medium
5,26,1,87,5,9,4,6,45,0,High
3,14,14,85,4,6,3,5,9,0,High
7,4,1,2,5,1,1,3,49,0,Low
5,22,3,75,4,3,7,8,33,0,High
9,23,5,29,5,2,2,7,100,1,Low
7,25,6,89,3,9,6,3,100,1,Medium
2,1,9,20,2,1,7,6,18,1,Medium
4,22,18,27,4,9,2,4,9,1,High
9,23,18,89,1,9,1,5,62,0,High
2,19,11,61,2,8,6,5,57,0,High
10,8,2,32,1,8,1,7,29,1,Medium
9,15,12,84,2,1,7,5,78,0,High
10,21,17,34,2,8,3,3,25,1,High
5,15,7,51,5,10,2,10,15,1,High
2,9,14,33,4,3,5,5,6,1,High
4,21,0,40,4,7,2,7,42,1,Medium
7,9,2,50,2,1,0,5,29,0,Medium
8,10,7,46,3,1,4,5,79,1,Medium
3,20,3,81,3,10,4,9,93,0,High
1,25,15,57,1,5,0,3,4,1,Medium
4,21,9,74,1,5,6,6,82,1,Medium
2,26,11,56,5,8,4,1,57,1,Medium
8,9,13,22,2,7,1,10,49,1,Medium
4,3,13,47,1,8,7,5,44,0,High
2,20,1,21,1,6,7,8,80,1,Low
6,25,4,16,2,6,4,5,75,0,Low
6,26,4,68,5,2,4,9,14,1,High
10,11,5,10,1,6,0,6,3,1,Medium
4,6,12,14,5,5,6,8,62,1,Medium
6,2,8,34,4,3,3,10,64,0,Medium
2,7,14,32,5,6,4,8,45,1,High
10,18,13,83,3,8,5,3,82,1,High
2,27,6,15,3,9,4,7,58,1,Medium
10,2,19,33,5,1,3,7,20,1,High
4,27,1,65,3,3,0,10,58,1,Medium
8,17,6,39,4,3,3,6,89,0,Medium
7,11,5,27,2,8,0,7,57,0,Medium
9,27,16,46,3,1,1,2,77,1,Medium
8,12,1,38,3,5,0,9,68,1,Low
5,27,2,69,5,3,1,10,78,0,Medium
2,19,4,72,4,2,1,10,97,1,Low
5,22,4,19,2,8,0,1,92,0,Low
8,24,0,0,5,3,5,1,52,1,Low
10,25,7,71,5,7,2,3,37,1,High
9,7,11,86,4,1,0,3,8,0,High
9,20,3,62,2,6,4,1,44,1,Medium
1,6,12,66,4,3,5,7,98,0,Medium
9,21,14,3,2,8,5,4,5,0,High
7,24,10,57,4,6,4,10,69,0,High
9,1,9,24,5,2,2,2,31,1,Medium
8,17,2,46,5,6,5,10,45,0,High
1,29,13,37,1,7,1,5,9,0,Medium
8,11,15,14,3,5,7,6,32,1,High
8,22,9,62,4,3,2,9,33,1,High
3,26,9,20,1,4,6,4,67,1,Low
1,28,11,56,3,4,4,2,30,1,Medium
8,18,8,52,4,6,2,5,76,1,Medium
3,21,0,45,2,10,0,3,29,1,Low
3,17,4,13,3,1,7,2,3,0,Medium
1,7,19,75,5,4,2,1,90,1,Medium
5,17,7,16,1,10,1,10,57,0,Medium
10,20,10,38,3,4,7,2,30,1,High
7,9,11,8,3,10,0,6,9,0,High
10,17,0,76,5,1,3,8,26,0,High
9,20,19,78,4,9,4,3,2,1,High
7,22,10,81,2,4,7,9,62,1,High
9,22,4,5,5,7,4,9,3,0,High
8,28,14,22,2,3,2,2,46,1,Medium
2,29,4,58,4,10,5,8,68,1,Medium
1,8,11,45,3,3,0,10,25,0,High
7,17,4,37,2,8,3,5,51,0,Medium
7,7,16,13,1,8,0,4,13,0,High
8,1,16,71,1,1,4,10,44,1,High
5,13,11,61,5,10,0,5,35,1,High
3,30,14,34,4,2,3,4,55,1,Medium
8,23,14,18,5,8,5,8,87,1,Medium
6,19,5,29,5,1,2,4,9,0,Medium
3,27,11,77,5,8,1,10,2,1,High
1,24,19,83,1,8,0,6,61,0,High
3,19,17,24,1,2,7,2,41,1,Medium
5,30,13,39,5,4,1,5,44,1,Medium
3,30,1,87,1,6,4,6,64,0,Medium
1,29,8,13,4,9,2,5,31,1,Medium
5,17,4,25,5,8,6,2,47,1,Medium
10,13,19,86,1,8,2,7,2,0,High
7,29,0,21,2,7,0,4,96,1,Low
7,30,2,47,5,9,7,8,82,0,High
9,16,5,82,5,2,5,7,77,0,High
10,8,4,50,4,3,2,7,69,0,Medium
10,19,4,2,3,10,0,9,58,0,Medium
3,18,0,41,3,8,0,1,44,1,Low
7,1,16,18,4,6,1,10,74,1,Medium
1,14,18,72,4,10,2,6,56,1,High
4,19,13,27,4,9,0,6,43,0,High
4,15,11,83,3,10,1,6,89,1,Medium
5,18,9,44,4,4,7,6,34,1,High
7,2,19,70,1,8,3,10,30,1,High
7,22,17,77,5,10,7,7,71,1,High
4,28,10,62,5,3,6,10,70,0,High
7,17,1,72,2,3,1,6,55,0,Medium
3,18,17,18,2,8,1,1,67,1,Low
6,30,6,46,5,5,0,3,13,0,High
2,6,14,13,1,3,4,2,3,1,Medium
10,19,10,37,3,10,4,6,26,1,High
9,4,17,52,3,1,5,8,57,1,High
5,1,11,60,1,3,4,3,24,0,High
6,8,5,35,3,9,1,10,53,1,Medium
4,29,19,39,4,5,5,8,70,0,High
10,23,12,80,5,10,7,8,43,0,High
7,7,19,29,5,2,0,5,60,1,Medium
9,3,15,8,1,7,7,8,58,0,High
7,10,17,63,3,2,2,6,49,0,High
1,10,9,32,2,4,6,5,42,1,Medium
1,19,7,51,2,7,6,9,76,0,Medium
9,14,17,88,3,4,1,7,100,0,High
9,2,0,13,2,7,1,8,66,1,Low
4,28,7,74,1,7,5,1,11,1,High
9,1,5,52,1,1,0,2,98,0,Low
3,23,4,58,3,6,3,8,90,1,Medium
7,23,14,77,2,9,1,9,18,1,High
6,28,14,40,1,2,3,4,85,0,Medium
8,18,1,67,1,3,7,10,100,0,Medium
9,7,0,67,4,10,3,10,52,1,High
5,29,10,7,4,5,4,9,46,0,Medium
1,8,9,1,1,9,0,4,44,1,Low
3,1,17,85,3,4,6,10,22,1,High
10,25,17,40,5,1,6,10,53,0,High
8,23,16,54,5,4,3,10,59,0,High
6,3,7,15,1,6,6,9,94,1,Low
8,24,14,61,1,5,7,7,30,1,High
9,23,7,47,1,1,0,2,8,1,Medium
4,27,16,29,3,4,4,9,98,1,Medium
1,29,11,11,4,6,0,4,57,0,Low
1,8,7,34,1,10,1,8,73,1,Low
10,22,13,10,1,10,3,7,20,0,High
4,25,3,63,2,4,0,7,25,0,Medium
7,15,0,49,3,9,7,8,19,1,High
2,5,0,84,1,5,6,1,5,0,High
3,3,18,20,2,8,2,5,75,0,Medium
1,19,15,68,5,9,0,2,79,1,Medium
5,1,13,47,1,10,3,2,72,0,Medium
1,28,15,19,1,5,4,1,83,0,Low
8,15,4,66,2,6,6,5,87,1,Medium
1,8,8,43,3,1,4,2,27,1,Low
1,2,1,32,1,7,3,4,40,1,Low
2,3,17,72,5,4,6,3,96,1,Medium
2,24,5,60,1,2,1,3,26,1,Low
6,14,8,8,5,5,6,2,27,1,Medium
7,24,0,67,4,3,1,6,62,1,Medium
5,14,8,34,4,6,4,2,83,0,Medium
1,11,15,80,5,8,4,8,50,0,High
1,16,12,87,3,7,3,8,42,1,High
3,4,8,64,1,3,1,5,29,0,Medium
2,20,12,7,1,8,4,10,39,0,Medium
5,5,8,44,4,2,1,7,60,1,Medium
10,22,10,86,5,10,4,4,41,0,High
6,21,3,46,1,9,6,1,33,1,Medium
7,14,1,39,1,4,0,2,83,0,Low
4,23,5,75,3,1,7,10,83,1,Medium
7,16,13,53,2,8,2,10,97,0,High
8,18,3,75,4,7,7,4,16,0,High
1,7,5,45,4,5,6,1,23,0,Medium
6,10,18,46,2,10,5,8,7,1,High
8,7,5,14,1,5,7,9,26,0,High
5,1,1,18,3,7,0,4,96,0,Low
4,23,17,25,3,5,5,10,12,1,High
2,21,12,51,4,8,4,3,72,1,Medium
6,19,8,21,3,6,2,2,5,0,Medium
6,16,18,20,2,5,2,5,92,0,Medium
1,29,12,50,1,9,4,3,69,0,Medium
9,19,10,37,2,2,4,10,49,0,High
6,4,0,19,5,1,1,7,26,1,Low
3,29,6,28,4,8,4,6,5,0,High
4,28,14,50,3,3,3,1,22,0,High
4,18,0,3,5,7,7,8,79,1,Low
3,2,11,54,3,10,4,2,13,0,High
10,1,6,70,1,8,3,5,28,0,High
3,15,14,27,1,6,4,9,33,0,High
3,5,18,3,1,10,1,8,23,1,Medium
4,20,0,21,3,9,3,2,97,1,Low
7,11,16,75,5,7,7,9,18,0,High
4,10,16,44,1,10,0,5,30,0,High
9,2,2,66,5,5,3,10,26,1,High
1,3,11,85,3,8,6,6,16,0,High
8,23,5,65,5,2,1,3,77,0,Medium
7,23,10,87,3,7,5,3,39,1,High
2,12,2,33,3,4,7,10,33,1,Medium
8,20,7,54,4,9,3,8,26,1,High
1,5,13,0,3,1,6,10,48,0,Medium
9,5,13,71,3,7,6,10,65,0,High
9,6,9,86,2,6,7,2,38,0,High
2,30,1,37,1,8,7,2,2,0,Medium
7,9,13,5,4,5,6,5,6,1,High
10,2,8,85,4,1,4,6,46,0,High
3,21,2,24,4,1,6,2,50,0,Low
7,12,7,81,2,9,4,5,38,1,High
10,3,15,16,3,10,5,7,88,1,Medium
9,20,1,60,1,6,1,10,18,0,High
4,26,5,11,5,10,2,10,27,1,Medium
1,22,11,5,3,5,4,8,41,1,Medium
2,12,4,89,2,1,6,7,72,0,Medium
1,24,1,26,3,6,6,8,92,0,Low
5,17,15,7,3,6,0,9,74,0,Medium
5,10,4,82,2,3,6,5,17,0,High
7,30,14,64,4,8,1,5,62,1,High
9,24,11,56,4,1,3,10,29,1,High
9,27,3,39,1,1,3,4,58,0,Low
3,14,14,13,1,6,6,9,70,0,Medium
3,23,10,34,4,10,0,5,78,1,Medium
3,17,15,47,5,1,4,2,22,0,High
4,18,5,83,3,6,1,10,6,0,High
8,19,13,55,5,1,0,8,26,0,High
6,17,17,48,3,6,4,7,39,0,High
8,14,11,12,4,3,1,8,12,1,Medium
1,9,10,60,1,8,6,3,99,0,Medium
8,8,12,48,1,6,3,4,14,1,High
4,2,10,45,5,1,1,5,22,0,Medium
1,13,15,61,1,5,6,6,51,0,High
8,25,14,7,4,8,5,1,23,1,Medium
4,7,14,42,5,3,2,4,48,0,High
6,9,3,19,3,6,1,10,71,1,Low
8,22,10,89,1,5,2,5,50,0,High
4,22,18,38,2,6,1,7,89,0,Medium
3,11,14,84,1,10,2,5,13,0,High
9,14,3,48,3,1,5,1,85,0,Low
3,4,12,63,5,7,3,7,10,0,High
9,26,18,61,3,9,7,8,55,1,High
2,26,1,53,2,2,4,7,9,1,Medium
2,29,13,8,4,10,2,4,79,0,Medium
2,13,3,87,1,5,5,8,52,0,High
6,2,15,36,5,10,2,5,2,1,High
3,23,19,48,4,4,3,10,25,1,High
9,5,13,40,3,6,2,9,13,0,High
4,11,14,16,5,6,5,10,98,0,Medium
1,6,2,87,4,2,6,5,51,1,Medium
4,18,7,20,5,2,5,1,58,0,Medium
1,21,15,50,2,4,7,9,34,1,High
5,10,9,58,2,1,7,5,35,0,High
4,4,3,38,1,9,7,6,3,1,High
8,9,17,54,1,7,0,4,59,1,Medium
8,6,1,40,2,7,3,6,70,0,Medium
7,2,16,38,5,3,6,8,48,1,High
3,17,12,12,2,3,0,3,64,0,Low
1,5,3,63,1,1,3,5,19,0,Medium
1,25,10,10,2,3,6,2,67,0,Low
3,6,6,18,2,3,2,2,82,0,Low
6,26,11,10,5,4,6,7,73,1,Medium
7,12,9,76,4,4,5,10,76,0,High
6,23,6,45,1,3,0,10,5,0,High
6,21,12,44,5,10,2,10,67,0,High
6,10,6,0,2,8,5,6,11,0,Medium
3,22,16,39,2,8,3,4,94,1,Medium
6,21,9,18,4,1,6,5,68,0,Medium
8,27,9,75,1,7,5,1,69,1,Medium
2,25,3,71,1,2,2,7,1,1,Medium
5,6,19,71,3,1,0,8,91,1,Medium
1,27,3,60,1,3,0,9,92,0,Low
1,8,6,11,4,4,7,8,63,0,Medium
5,2,0,60,3,6,6,5,29,0,High
3,12,11,32,3,10,5,3,82,0,Medium
4,13,12,44,2,5,7,10,12,1,High
3,25,9,89,2,4,2,9,77,1,Medium
1,21,14,68,1,8,7,6,41,0,High
1,7,12,7,3,4,1,5,2,0,Medium
5,10,8,24,2,10,3,3,37,0,Medium
6,13,8,45,4,2,7,6,45,0,High
3,17,14,86,2,3,3,3,80,0,Medium
9,26,9,29,2,6,2,10,48,0,High
5,21,9,46,3,8,1,6,24,0,High
8,28,7,86,3,8,0,4,99,1,Medium
1,30,15,48,5,9,6,2,22,1,High
5,26,16,46,4,7,4,8,100,1,Medium
3,14,4,83,3,2,4,4,11,1,High
1,2,3,81,1,8,6,9,58,0,High
4,28,17,17,4,7,2,7,46,0,High
5,22,18,65,4,8,1,2,29,0,High
7,11,3,67,3,3,1,4,35,0,Medium
1,1,6,32,4,7,3,5,15,0,Medium
3,19,9,35,3,10,0,3,60,1,Low
2,21,17,81,2,9,5,9,95,0,High
9,4,18,18,5,3,7,5,42,1,High
10,19,3,27,2,10,1,2,43,0,Medium
6,26,9,39,3,6,6,3,80,1,Medium
10,29,0,83,3,2,5,9,74,0,High
3,21,17,75,2,2,4,7,49,1,High
8,11,4,14,1,5,5,2,64,0,Low
8,8,14,40,1,5,0,9,32,0,High
2,11,16,38,1,7,6,4,64,0,Medium
6,4,2,1,3,2,0,9,2,0,Medium
7,17,11,62,4,7,5,2,24,1,High
2,27,1,28,3,5,7,10,87,0,Medium
10,7,0,73,4,6,2,4,66,1,Medium
2,8,16,65,2,8,1,5,38,0,High
10,3,15,50,5,10,6,2,31,1,High
1,22,4,74,4,4,2,10,26,0,High
8,2,14,76,1,7,5,1,29,0,High
1,23,2,9,3,6,1,7,67,1,Low
9,15,6,13,2,10,3,10,78,0,Medium
6,24,10,81,1,2,2,1,25,0,High
7,22,9,50,2,8,2,8,48,1,Medium
10,22,8,72,5,10,5,3,65,0,High
7,5,13,38,3,9,4,10,53,1,High
10,24,12,27,3,5,5,6,67,0,High
3,1,1,2,5,10,2,7,90,1,Low
2,26,2,83,3,4,1,10,18,1,High
9,4,6,69,4,6,7,1,9,1,High
8,15,17,26,2,8,4,6,38,1,High
10,20,2,1,1,3,5,7,87,0,Low
7,19,9,37,5,10,7,6,21,0,High
9,3,6,2,4,1,6,4,65,1,Low
4,20,8,15,1,4,5,1,21,0,Medium
4,11,16,39,1,4,2,9,27,0,High
1,17,10,1,5,1,7,4,70,0,Low
8,30,6,80,4,9,2,7,44,1,High
3,27,13,40,1,3,3,7,100,0,Medium
7,13,18,11,1,5,7,2,28,0,High
2,11,3,34,4,6,7,1,45,1,Medium
2,2,5,64,3,8,5,8,17,0,High
7,9,9,54,1,6,2,8,40,1,Medium
6,26,6,44,2,3,6,7,3,1,High
3,2,12,78,4,6,0,8,76,1,Medium
9,21,13,89,1,1,4,3,76,0,High
10,9,3,84,5,4,0,2,66,0,Medium
6,9,7,61,2,6,4,7,46,1,Medium
10,8,4,48,1,7,6,8,86,1,Medium
10,17,0,24,2,10,7,1,87,1,Low
6,1,3,22,2,3,7,10,30,1,Medium
1,25,2,23,3,9,5,9,69,1,Medium
4,29,8,37,2,7,3,4,9,1,Medium
10,11,7,27,3,1,2,4,85,0,Low
6,8,0,20,4,2,2,3,11,1,Low
6,10,5,53,3,1,2,6,69,1,Low
5,25,8,17,5,9,5,1,99,1,Low
1,7,6,35,1,9,4,6,91,0,Low
8,3,3,44,4,7,7,2,66,0,Medium
5,3,12,72,4,10,6,9,88,0,High
5,18,16,52,5,3,2,2,31,0,High
7,5,1,29,3,5,0,7,33,1,Low
4,12,4,59,1,4,2,1,39,0,Medium
6,12,11,31,3,7,7,7,94,1,Medium
4,19,7,66,2,9,5,5,46,1,High
3,30,5,66,3,2,6,8,37,1,Medium
7,6,7,27,4,8,3,4,92,1,Low
8,2,17,43,1,9,6,10,60,1,High
4,12,2,78,3,10,0,7,31,1,High
2,19,11,40,1,10,2,6,11,0,High
10,5,2,62,1,9,2,5,87,0,Medium
3,12,5,22,2,10,1,4,2,0,Medium
1,27,1,74,2,7,4,7,27,0,High
8,27,11,47,4,9,0,5,99,0,Medium
3,17,1,31,5,9,1,5,2,1,Medium
10,29,5,56,1,3,6,1,21,0,High
7,17,16,32,5,4,3,2,58,0,High
10,10,2,23,4,2,4,5,5,0,High
5,25,1,38,1,10,0,3,52,1,Low
10,23,19,33,1,3,2,2,45,1,Medium
5,17,7,55,5,5,6,4,85,1,Medium
7,15,11,27,3,5,0,4,93,0,Low
9,12,3,36,2,6,2,4,20,0,Medium
5,30,4,6,3,7,7,4,61,0,Medium
1,16,12,67,5,7,4,3,38,0,High
10,24,14,36,2,1,7,7,20,0,High
10,19,15,55,3,2,7,9,25,1,High
1,8,9,64,2,9,2,5,2,0,High
2,21,15,64,1,10,3,4,32,1,High
6,17,11,46,3,2,6,2,26,0,High
9,23,16,19,2,6,5,2,70,1,Medium
8,5,15,18,2,1,2,5,41,1,Medium
5,22,11,28,2,3,3,7,67,1,Medium
1,16,7,73,3,2,5,10,97,1,Medium
7,6,19,59,4,3,6,10,1,0,High
5,8,2,17,3,5,7,9,51,0,Medium
6,25,15,34,5,10,4,7,5,0,High
7,18,12,42,3,6,4,5,13,1,High
3,25,18,10,2,9,6,10,19,0,High
10,12,7,48,1,10,6,10,12,0,High
3,15,4,37,3,4,0,10,48,0,Medium
5,27,19,63,3,7,3,6,25,0,High
6,26,7,68,2,6,7,3,57,1,Medium
9,9,11,7,1,2,3,5,35,1,Low
5,13,0,33,1,10,6,8,76,0,Medium
1,26,19,47,5,8,1,1,94,0,Medium
4,15,5,55,3,7,1,1,5,0,Medium
5,10,17,75,1,7,5,7,98,1,High
10,16,7,64,1,8,5,5,22,1,High
10,7,6,30,4,1,1,5,77,1,Low
5,17,0,3,4,1,6,1,57,0,Low
7,23,15,49,1,8,6,9,47,1,High
4,26,11,68,5,4,5,1,54,1,Medium
1,21,5,29,1,5,2,5,3,1,Medium
5,22,19,87,2,8,6,10,53,1,High
7,26,1,58,3,5,1,9,84,1,Medium
10,7,13,66,5,10,3,4,31,0,High
10,14,3,74,2,4,6,8,69,0,High
6,15,0,44,5,6,7,6,88,0,Medium
5,21,17,3,2,5,6,3,33,0,Medium
4,7,12,25,3,7,2,4,72,1,Low
2,9,1,26,3,10,5,2,88,0,Low
4,19,8,45,4,7,6,1,50,0,Medium
10,16,1,63,2,4,4,8,84,0,Medium
10,8,8,50,4,5,0,1,16,1,Medium
3,18,0,49,2,3,1,1,76,0,Low
10,27,10,5,4,4,7,4,77,1,Medium
1,23,2,58,3,4,7,10,39,1,Medium
8,29,19,14,5,3,7,10,89,1,High
5,18,3,29,4,10,4,6,46,0,Medium
4,30,17,41,2,5,7,9,96,1,Medium
8,20,5,36,2,5,7,1,88,0,Medium
7,7,2,41,3,7,5,7,47,0,High
2,3,10,34,2,4,3,10,44,0,Medium
1,18,14,86,1,4,0,5,9,1,High
4,27,4,5,5,9,4,8,87,1,Low
8,10,19,67,4,6,0,7,50,0,High
2,7,9,17,5,4,1,4,77,1,Low
3,17,11,72,3,2,5,4,60,1,Medium
1,14,14,28,4,6,6,6,96,1,Medium
1,24,16,76,4,2,3,6,15,0,High
3,3,9,58,1,5,5,9,36,1,High
5,12,5,46,3,6,0,5,63,1,Low
3,28,17,16,2,4,4,8,69,0,Medium
1,13,12,21,1,3,1,5,86,1,Low
1,2,2,67,1,7,1,2,80,0,Low
8,3,9,68,5,2,5,6,41,1,High
10,5,13,36,5,6,6,9,74,1,High
2,11,5,48,5,4,4,3,24,1,Medium
3,8,2,12,1,6,6,1,82,1,Low
2,26,15,33,2,4,6,1,49,1,Medium
3,23,6,85,4,4,7,3,18,1,High
7,23,19,52,5,4,4,10,7,0,High
1,12,13,86,2,9,0,5,4,1,High
10,7,8,50,3,7,5,3,90,1,Medium
8,15,14,2,5,3,5,9,69,1,Medium
10,24,2,41,4,3,7,8,60,0,High
10,17,1,31,3,6,2,3,55,0,Medium
10,4,1,50,3,6,5,9,16,0,High
2,29,2,84,4,4,1,6,99,1,Low
3,22,17,45,5,9,0,7,90,1,Medium
9,25,13,20,1,4,4,4,82,0,Medium
7,13,19,43,4,9,5,4,29,0,High
4,18,17,10,4,4,0,2,23,0,Medium
10,1,9,67,4,2,7,5,14,1,High
5,16,1,0,3,2,5,8,79,0,Low
2,13,0,62,2,5,4,7,49,1,Medium
8,10,3,23,1,4,3,7,33,1,Medium
4,12,13,12,5,7,4,6,25,1,High
9,30,0,10,5,5,4,3,21,0,Medium
5,2,13,50,2,6,4,5,17,1,High
9,23,15,16,4,10,5,1,23,0,High
4,3,13,81,1,4,2,7,57,0,High
10,10,19,85,5,2,4,9,81,0,High
5,2,2,23,5,10,7,1,58,0,Medium
9,30,2,18,4,9,1,2,14,1,Medium
8,27,8,36,2,10,1,3,93,1,Low
3,23,5,84,1,7,7,3,20,1,High
1,13,12,7,2,4,0,8,30,1,Low
3,13,1,27,2,3,2,7,19,0,Medium
4,18,7,4,1,10,0,6,53,0,Low
2,3,1,16,1,3,7,10,56,0,Medium
1,27,3,35,5,9,1,10,77,0,Medium
7,7,14,18,5,5,6,4,82,1,Medium
8,14,3,63,1,3,1,9,23,0,High
7,20,12,10,3,5,3,1,62,1,Low
5,29,11,53,5,2,4,2,33,0,High
1,30,12,44,3,4,6,4,18,0,High
7,17,13,46,1,10,1,3,73,0,Medium
7,29,19,11,5,2,5,1,33,0,High
9,30,17,20,2,2,5,5,32,1,Medium
3,21,5,10,1,8,0,7,61,1,Low
9,12,10,4,4,1,6,2,54,1,Low
1,25,1,80,3,7,0,5,17,1,Medium
1,16,18,55,1,5,4,6,19,0,High
4,24,18,19,1,8,4,7,91,0,Medium
9,12,4,40,5,1,3,1,70,1,Low
6,15,18,45,5,7,7,7,99,1,High
3,25,1,11,5,5,7,4,34,0,Medium
1,10,9,69,4,4,2,8,84,0,Medium
4,30,1,16,5,7,0,4,25,1,Low
9,25,10,18,1,10,4,6,68,1,Medium
3,7,17,25,5,2,7,9,74,1,Medium
9,20,14,47,2,1,0,5,74,0,Medium
7,5,8,51,5,1,4,4,88,1,Medium
4,1,18,69,4,1,1,8,85,1,Medium
3,30,8,54,2,5,0,9,11,1,Medium
10,17,2,74,1,10,1,4,91,1,Medium
5,3,8,32,1,7,0,3,16,1,Medium
5,13,13,61,3,2,2,8,90,0,Medium
3,14,18,87,2,10,3,5,61,1,High
9,24,6,22,3,8,5,2,94,0,Medium
4,30,15,14,2,4,7,10,80,1,Medium
5,18,15,26,2,3,5,9,7,1,High
4,4,0,74,4,10,5,3,16,1,High
5,18,3,63,3,8,1,2,99,0,Low
7,30,3,80,4,2,6,1,16,0,High
9,5,6,50,2,3,4,8,40,0,High
7,25,7,52,1,3,5,3,12,1,Medium
5,16,16,77,2,10,2,7,35,1,High
10,1,4,81,4,1,5,1,21,0,High
10,21,6,50,3,6,0,1,50,0,Medium
7,14,19,46,3,2,1,9,43,1,High
10,15,19,3,4,1,6,8,100,0,Medium
5,9,3,6,3,2,0,3,17,1,Low
3,15,5,34,5,6,6,6,32,0,High
7,17,6,47,1,4,0,3,41,0,Medium
2,25,17,72,1,6,0,4,6,0,High
9,24,4,71,1,9,7,1,88,1,Medium
10,4,19,44,3,10,3,5,27,1,High
10,12,2,80,3,10,3,1,20,0,High
1,27,6,80,2,8,4,1,25,1,Medium
6,26,13,71,2,1,1,10,66,1,Medium
7,5,6,18,1,8,2,7,9,1,Medium
8,29,4,62,5,9,2,6,92,1,Medium
10,5,4,37,2,6,2,2,53,0,Medium
9,11,1,66,2,10,7,2,61,1,Medium
2,28,5,58,3,5,0,7,38,1,Medium
10,6,14,68,5,6,3,1,3,0,High
2,7,9,12,1,6,1,2,84,1,Low
5,24,6,46,2,9,0,8,70,1,Medium
5,14,4,60,5,4,6,6,97,1,Medium
6,24,0,30,5,2,3,2,55,0,Low
3,11,12,79,1,9,3,7,1,0,High
8,30,17,21,5,2,5,4,70,1,Medium
1,13,12,85,5,10,5,2,45,1,High
6,2,17,42,5,9,7,6,98,0,High
4,25,4,66,2,2,1,9,47,0,Medium
1,7,12,53,1,8,6,9,79,0,High
7,20,3,9,5,9,1,8,26,1,Medium
9,4,16,41,5,10,1,3,14,1,High
4,27,2,63,2,9,7,3,54,0,High
4,8,16,20,1,10,7,2,71,1,Medium
6,20,10,79,3,9,0,5,46,1,High
3,29,19,75,2,2,4,4,31,1,High
6,22,3,65,1,4,7,7,88,1,Medium
7,21,1,40,5,7,1,4,59,1,Medium
10,19,19,23,1,2,5,9,95,1,Medium
10,13,15,34,1,1,4,2,29,1,Medium
3,14,17,55,1,3,0,6,96,0,Medium
7,10,7,29,3,4,4,7,17,0,High
3,11,2,56,1,8,2,4,14,0,Medium
2,2,8,46,3,6,6,6,36,0,High
10,25,19,34,5,2,4,7,58,0,High
4,26,5,18,3,9,1,4,24,0,Medium
8,9,9,7,5,2,0,8,63,0,Medium
9,17,9,25,5,5,6,9,91,0,High
7,26,12,70,3,4,1,1,25,0,High
1,3,16,29,2,7,6,7,59,1,Medium
3,24,8,6,4,8,5,9,32,1,Medium
9,6,16,66,1,5,2,10,82,0,High
1,5,8,64,4,10,5,5,18,1,High
9,5,8,35,1,5,1,2,37,1,Medium
8,22,0,24,1,2,1,10,26,0,Medium
1,15,1,36,5,8,1,6,9,0,Medium
6,23,15,0,1,2,3,7,99,0,Low
5,17,0,14,1,10,2,2,64,1,Low
6,9,9,36,3,6,6,2,72,1,Medium
10,3,17,12,4,8,7,10,20,0,High
5,20,7,7,3,6,1,10,54,1,Low
6,26,10,4,1,4,1,1,86,1,Low
5,17,1,59,5,4,6,4,83,1,Medium
5,29,7,72,3,6,7,7,30,0,High
4,27,7,0,3,4,5,9,53,1,Low
3,10,16,35,2,8,5,3,92,1,Medium
3,3,14,34,1,9,1,7,99,1,Low
4,18,16,65,5,1,0,7,63,1,Medium
9,18,12,62,3,4,3,7,11,1,High
2,30,18,22,3,4,5,2,31,1,Medium
9,17,4,8,5,2,0,6,49,1,Low
1,24,11,33,1,6,3,2,100,0,Low
1,3,0,45,2,3,1,6,94,0,Low
5,3,4,77,3,7,2,10,87,1,Medium
6,6,7,3,2,5,4,3,19,0,Medium
6,13,12,29,4,4,4,2,12,1,Medium
3,24,7,74,1,5,1,6,15,1,Medium
7,29,10,71,4,8,5,2,31,1,High
9,15,0,2,4,3,0,5,43,0,Low
10,25,12,13,4,7,2,2,37,1,Medium
8,9,18,59,1,6,6,3,79,1,High
6,4,2,76,1,1,3,3,29,0,Medium
8,14,16,44,5,7,1,6,26,0,High
5,5,4,33,2,7,2,6,2,1,Medium
8,2,19,44,2,1,7,10,84,0,High
10,11,7,60,5,9,2,3,15,0,High
4,9,13,82,5,6,5,3,4,1,High
10,24,3,15,4,2,7,1,86,1,Low
8,3,10,65,5,5,3,7,50,1,High
10,27,19,39,3,4,7,8,38,0,High
2,28,14,16,2,7,2,2,23,0,Medium
5,29,18,33,5,8,5,4,59,0,High
9,9,6,15,3,1,7,10,90,1,Medium
4,3,18,59,3,5,0,7,75,0,High
6,25,18,65,3,3,5,8,28,0,High
1,2,10,65,3,1,0,1,66,1,Low
9,12,4,89,4,3,0,4,8,1,High
1,10,4,12,3,6,7,6,29,1,Medium
5,9,7,55,4,7,7,3,11,0,High
4,15,9,30,4,8,6,5,18,1,High
3,8,5,33,3,4,6,10,55,0,Medium
6,25,14,38,2,3,2,9,50,0,High
2,5,15,66,3,5,5,3,14,1,High
3,11,16,7,3,9,6,5,74,1,Medium
5,27,7,86,3,6,0,8,99,1,Medium
9,2,7,77,2,9,6,6,9,1,High
2,24,8,54,1,6,3,4,99,1,Low
10,28,1,26,1,2,2,8,11,0,Medium
8,15,14,52,4,5,5,3,63,0,High
2,6,17,38,4,9,5,3,76,0,High
5,8,2,64,2,8,4,4,67,1,Medium
7,27,16,16,5,7,5,9,53,0,High
8,5,3,29,1,1,2,5,39,1,Low
1,16,3,52,4,4,3,8,78,1,Low
6,26,13,12,1,7,5,6,56,0,Medium
1,18,8,20,2,7,4,3,28,0,Medium
2,6,8,18,2,6,2,8,75,1,Low
1,5,17,52,5,8,0,9,39,0,High
5,28,9,18,5,6,1,8,25,1,Medium
10,16,3,56,2,10,1,4,21,0,High
9,13,11,24,4,3,0,6,10,0,High
6,28,7,85,1,4,6,1,43,0,High
1,5,1,30,3,3,5,4,15,0,Medium
1,13,12,80,5,1,7,8,83,0,High
2,17,15,54,3,10,1,1,48,1,Medium
9,18,1,22,4,5,6,3,86,0,Medium
3,8,10,31,5,1,1,1,21,0,Medium
1,13,9,61,3,1,0,9,60,0,Medium
5,30,14,73,4,2,5,2,96,1,Medium
7,29,16,9,1,4,5,9,50,1,Medium
6,19,7,71,4,6,6,4,23,1,High
1,26,17,53,5,8,0,2,13,1,High
5,3,8,51,2,3,6,4,69,1,Medium
5,24,7,19,1,1,5,10,4,0,High
6,8,13,31,3,3,7,6,92,0,Medium
3,2,17,13,5,3,5,7,78,0,Medium
5,8,19,49,2,5,2,3,72,1,Medium
7,27,19,27,4,4,7,3,9,1,High
5,13,11,52,2,4,6,10,35,0,High
5,13,18,23,5,9,2,8,21,1,High
5,1,13,78,5,7,0,5,58,1,High
10,6,16,21,2,4,3,4,18,1,Medium
10,24,2,29,4,3,1,7,97,0,Low
3,19,6,62,2,6,2,7,72,0,Medium
1,16,16,3,5,3,1,9,81,1,Low
5,8,11,76,5,6,4,9,43,1,High
9,28,8,58,3,9,0,5,95,1,Medium
1,1,14,86,3,6,3,8,98,1,Medium
3,27,17,7,1,4,4,10,6,0,High
4,27,12,81,5,5,4,1,86,1,Medium
1,16,7,11,3,6,5,9,78,0,Medium
1,9,13,30,2,3,4,8,67,0,Medium
8,13,7,77,4,8,0,6,12,0,High
2,11,13,33,2,4,2,3,100,1,Low
8,13,6,81,4,8,0,3,12,0,High
7,25,11,74,3,10,2,8,66,0,High
10,21,10,75,1,10,4,5,2,1,High
10,10,10,48,2,3,4,10,15,1,High
2,4,12,78,2,10,7,7,23,1,High
6,27,17,56,2,7,3,5,29,0,High
6,6,1,25,4,9,2,8,81,1,Low
3,28,14,17,3,4,4,10,96,0,Medium
2,7,19,85,2,8,5,10,7,0,High
1,5,17,37,2,3,7,4,94,1,Medium
6,11,14,80,1,7,1,2,28,0,High
5,13,18,86,1,3,7,3,14,0,High
9,26,11,87,3,7,3,8,44,0,High
1,25,12,49,3,10,0,7,30,0,High
7,19,10,7,5,10,3,2,81,1,Low
5,23,4,40,1,6,1,6,32,0,Medium
5,10,0,5,5,2,7,9,70,1,Low
2,10,2,68,4,3,2,4,88,0,Low
3,11,18,43,5,6,0,9,6,0,High
7,21,6,63,2,4,0,2,27,1,Medium
6,30,11,28,5,6,2,2,82,0,Medium
2,7,14,27,3,1,6,9,88,0,Medium
6,18,4,10,4,10,6,7,24,0,High
2,4,14,64,2,1,3,7,34,0,High
2,2,7,18,5,3,4,1,40,0,Medium
2,14,9,8,4,8,6,6,47,0,Medium
3,13,15,26,4,8,3,7,79,1,Medium
2,29,7,33,2,4,6,6,75,1,Low
4,12,0,43,5,6,1,6,86,1,Low
9,7,11,67,4,8,5,2,24,0,High
6,2,4,81,4,7,4,6,65,0,High
1,13,2,14,1,7,3,4,18,0,Low
8,14,0,50,4,4,5,9,44,1,Medium
7,27,3,12,1,9,5,1,76,0,Low
10,17,7,82,5,10,7,8,57,1,High
3,9,2,48,5,6,6,5,28,0,High
1,17,9,69,5,3,7,1,71,0,Medium
5,8,1,55,3,5,2,4,23,0,Medium
4,2,10,75,5,5,1,1,85,1,Medium
10,28,9,50,4,5,1,6,34,0,High
8,24,13,36,2,8,1,2,11,1,Medium
1,13,6,16,1,9,4,5,86,0,Low
10,3,1,57,3,9,0,7,35,0,High
1,16,8,86,5,6,4,2,93,1,Medium
4,6,15,89,5,6,3,6,42,0,High
8,19,12,28,2,9,5,6,28,0,High
5,30,8,32,2,4,5,5,82,0,Medium
2,7,19,59,3,6,7,5,78,0,High
6,10,3,88,1,4,0,3,82,1,Low
5,9,9,54,5,1,3,10,92,1,Medium
2,2,11,9,3,7,0,10,24,0,Medium
3,28,16,46,4,10,5,2,8,0,High
9,28,13,22,4,6,6,7,53,1,High
7,15,13,84,3,9,4,1,72,0,High
7,30,1,20,5,7,1,6,4,1,Medium
6,5,19,12,3,7,5,6,91,0,Medium
8,29,10,32,5,2,2,3,100,1,Low
4,22,15,23,2,9,1,2,5,1,Medium
8,4,18,10,3,10,5,2,97,1,Medium
4,20,5,16,5,9,4,9,49,1,Medium
8,4,18,67,3,6,0,5,98,0,High
9,18,4,46,3,3,6,7,30,0,High
3,4,3,24,5,1,6,5,72,1,Low
3,27,14,72,5,4,1,7,63,1,High
2,17,3,20,1,3,4,4,47,1,Low
10,12,19,83,3,1,6,8,26,1,High
3,22,9,82,4,3,6,10,57,0,High
3,17,2,82,3,4,3,10,37,1,High
5,10,4,11,3,8,2,7,98,1,Low
5,22,5,36,5,9,1,10,7,1,High
2,1,7,41,3,3,0,5,40,1,Low
10,22,6,16,3,6,6,6,92,1,Medium
6,26,9,47,4,10,3,5,39,1,High
5,24,5,27,5,5,4,7,62,1,Medium
6,27,13,40,3,6,6,2,92,0,Medium
1,18,3,46,2,4,7,5,78,1,Low
5,18,12,17,1,10,2,10,53,1,Medium
9,14,19,77,4,6,0,3,4,1,High
10,15,16,70,3,7,4,9,82,0,High
2,29,6,12,2,9,4,6,25,0,Medium
1,12,3,81,3,10,1,10,7,0,High
10,4,13,12,3,7,6,3,28,1,High
9,27,2,30,5,6,1,7,69,1,Medium
10,3,4,1,5,1,0,4,67,1,Low
9,20,15,15,5,2,7,3,95,0,Medium
9,29,19,8,2,1,6,8,20,1,High
6,12,3,72,3,9,5,4,83,0,High
8,7,1,37,1,10,6,1,11,0,High
1,29,17,74,4,10,7,6,67,0,High
10,11,18,53,5,9,5,10,87,0,High
4,1,18,55,5,7,4,1,7,0,High
1,6,16,85,3,2,1,5,23,1,High
8,15,13,86,3,6,2,7,61,1,High
1,15,18,44,2,4,6,6,71,0,High
3,19,12,33,2,1,2,2,34,1,Low
4,11,11,8,5,1,6,4,19,1,Medium
8,26,5,87,3,5,4,2,58,0,High
6,23,3,7,1,2,1,1,9,0,Low
10,26,18,6,4,4,0,3,48,1,Medium
7,2,15,35,3,1,0,3,82,1,Low
8,14,12,17,3,4,0,7,41,1,Medium
2,2,3,2,2,6,6,1,48,1,Low
10,29,16,27,4,10,6,9,45,0,High
8,4,0,69,5,4,2,6,25,1,High
3,17,17,43,3,1,1,4,78,0,Medium
7,3,19,20,5,7,7,3,25,0,High
3,13,16,27,3,2,6,3,19,1,Medium
7,9,14,53,5,9,1,2,39,1,High
2,7,10,53,4,3,2,2,79,1,Low
10,15,12,64,2,8,6,10,80,0,High
6,23,0,20,4,8,0,5,27,0,Medium
3,29,16,12,1,3,0,9,74,0,Low
3,29,5,56,2,4,4,2,63,0,Medium
9,11,3,48,4,2,5,2,68,1,Medium
7,20,19,53,1,4,3,6,19,0,High
5,2,15,9,3,9,7,10,28,0,High
10,15,14,52,3,2,5,2,85,1,Medium
7,14,14,43,5,3,6,4,78,0,High
9,20,5,46,2,4,1,6,33,0,Medium
1,22,14,52,3,5,6,5,10,1,High
7,11,13,73,2,1,1,1,83,0,Medium
6,27,10,45,3,7,1,6,30,0,High
10,3,6,12,5,10,5,1,22,0,High
9,17,8,36,4,7,3,3,3,0,High
1,30,15,23,5,9,4,10,82,1,Medium
4,12,4,1,1,4,5,5,75,0,Low
9,24,19,85,3,6,3,10,48,1,High
4,28,9,80,1,2,0,5,2,0,High
10,29,17,13,1,4,0,10,76,1,Medium
3,21,2,9,2,2,1,6,54,1,Low
9,15,12,34,3,10,2,10,6,1,High
2,16,10,24,1,5,6,8,40,0,Medium
4,5,16,2,4,7,6,5,93,0,Medium
6,27,12,16,1,1,1,1,94,0,Low
2,20,5,11,4,10,2,5,2,1,Medium
8,6,16,53,2,10,7,3,73,0,High
8,19,12,23,1,7,3,4,2,0,High
1,25,18,28,5,10,7,8,93,0,High
3,5,18,42,2,6,7,7,97,0,High
10,3,9,24,4,6,0,5,74,1,Medium
9,27,2,59,2,8,7,2,98,1,Medium
5,1,13,89,1,8,6,6,55,0,High
6,26,18,64,3,6,5,6,72,0,High
4,28,4,83,3,3,2,10,60,0,High
10,6,4,27,4,5,3,10,97,1,Medium
2,15,19,15,4,2,0,6,6,0,High
8,2,16,46,3,5,7,9,19,1,High
6,29,9,80,4,9,5,8,96,1,High
5,3,4,57,2,10,2,8,27,0,High
9,17,3,75,5,1,1,1,1,0,High
1,25,5,26,5,10,1,5,33,0,Medium
5,24,3,52,2,5,1,7,40,1,Medium
6,12,6,41,5,6,6,6,32,1,High
5,18,6,58,1,7,3,5,69,0,Medium
6,15,17,46,2,9,1,8,17,1,High
6,12,2,33,4,6,6,3,8,0,High
7,16,0,36,2,5,4,6,57,0,Medium
4,27,3,5,3,7,6,5,42,1,Low
8,8,5,6,4,1,0,8,98,1,Low
7,28,8,24,3,5,6,4,9,1,Medium
9,14,13,32,4,2,3,8,87,1,Medium
7,25,11,54,5,4,5,10,35,0,High
3,17,19,57,2,7,7,2,71,0,High
3,29,3,6,1,5,6,9,79,0,Low
8,21,11,56,4,6,1,9,53,1,High
5,8,9,11,4,2,0,10,54,0,Medium
4,15,6,15,3,3,2,10,84,1,Low
8,27,2,79,5,7,1,6,25,1,High
6,14,13,42,3,2,0,4,67,1,Low
2,18,9,76,3,6,4,4,62,0,High
4,20,15,6,5,5,7,6,55,1,Medium
4,7,15,50,1,10,2,5,46,1,Medium
6,3,9,72,3,1,4,6,24,1,High
6,29,12,31,3,10,5,7,98,1,Medium
1,12,5,74,4,4,0,7,46,1,Medium
8,21,11,7,5,2,4,9,22,1,Medium
6,24,8,86,2,4,7,8,11,1,High
3,28,12,88,1,1,7,6,48,1,High
9,26,3,71,1,2,5,6,8,1,High
2,3,10,44,5,8,7,5,39,1,High
8,20,19,85,4,6,0,1,35,1,High
10,14,17,58,4,2,0,9,49,1,High
3,15,10,3,5,6,7,9,46,0,High
5,25,3,66,4,10,4,9,38,0,High
6,30,17,28,1,9,0,8,8,1,High
10,14,0,28,1,7,1,10,54,1,Medium
6,7,6,27,2,9,7,3,37,1,Medium
4,17,5,76,5,5,0,1,91,0,Medium
3,30,14,78,3,7,3,8,92,0,High
4,12,17,86,3,7,5,7,40,0,High
1,20,10,43,2,3,7,5,34,1,Medium
4,4,19,89,2,7,0,10,96,1,High
1,9,14,3,4,1,3,7,79,1,Low
1,6,15,89,2,9,0,10,17,1,High
10,16,6,8,2,10,0,4,33,0,Medium
6,25,9,4,3,6,4,9,47,1,Medium
5,28,11,55,4,5,1,10,52,0,High
4,22,13,83,2,7,7,2,80,0,High
3,22,4,49,2,5,5,9,93,1,Low
1,21,17,74,4,10,7,9,9,0,High
6,21,4,14,5,5,1,5,33,0,Medium
2,2,2,31,4,10,2,1,60,0,Low
8,24,4,27,3,7,4,7,93,0,Medium
10,8,16,21,5,10,4,10,77,1,High
5,11,18,16,1,7,1,10,21,1,High
7,13,18,58,4,3,6,4,58,0,High
10,17,11,89,3,3,4,9,85,1,High
2,8,8,70,5,10,7,6,69,0,High
8,21,0,56,4,3,1,3,10,1,Medium
2,18,17,25,2,6,4,6,6,1,High
4,30,3,24,4,6,0,10,13,1,Medium
1,18,9,9,1,3,1,6,65,1,Low
5,14,6,44,4,3,1,5,20,1,Medium
9,15,0,82,5,8,7,2,57,0,High
1,6,16,10,5,8,3,10,46,1,Medium
9,11,1,76,4,7,4,10,8,0,High
8,13,10,52,5,10,4,2,10,0,High
6,25,8,71,2,4,1,7,73,1,Medium
7,1,6,67,4,4,0,2,67,0,Medium
3,28,16,27,2,3,0,6,11,1,Medium
1,6,16,74,2,5,5,5,12,0,High
5,9,1,64,3,3,0,4,10,0,Medium
2,8,5,48,4,8,4,7,25,1,High
5,11,13,46,5,7,6,8,49,1,High
8,22,5,51,2,3,3,4,49,1,Medium
9,19,1,87,3,9,1,1,89,1,Medium
2,24,0,53,4,5,2,1,11,0,Medium
3,9,9,59,4,9,3,1,62,1,Medium
3,17,4,56,1,7,7,1,36,0,Medium
1,12,1,46,1,7,7,5,39,0,Medium
8,25,15,30,2,6,6,4,53,0,High
6,14,1,45,1,2,2,9,90,0,Low
8,15,9,25,2,9,3,3,78,0,Medium
9,16,1,4,5,6,0,7,56,0,Medium
5,22,15,83,2,8,4,8,1,1,High
3,22,15,51,1,1,6,6,56,0,Medium
5,28,18,74,5,5,2,10,4,0,High
5,20,6,53,1,1,6,1,30,0,Medium
5,1,11,32,2,10,3,8,12,1,High
3,10,14,49,3,8,4,10,35,1,High
10,8,7,37,4,8,6,3,77,0,High
4,18,5,26,1,1,2,8,52,1,Low
9,28,9,14,2,9,1,4,31,0,Medium
10,1,2,60,5,2,3,8,87,1,Medium
9,2,18,20,1,9,1,1,68,0,Medium
2,1,16,45,1,1,0,3,52,1,Low
8,1,6,68,4,10,1,6,80,1,Medium
8,9,19,5,2,9,1,9,7,1,High
7,13,3,37,3,4,5,2,22,0,Medium
8,30,13,61,5,9,3,1,93,0,High
3,1,19,85,2,7,0,10,75,0,High
6,13,14,61,5,6,1,3,56,1,Medium
1,20,7,81,1,5,7,4,97,1,Medium
7,26,14,77,4,9,4,5,58,0,High
1,22,19,73,4,2,2,3,93,1,Medium
9,7,13,45,3,2,1,10,64,0,High
1,2,8,12,4,9,0,2,12,0,Medium
1,6,7,2,1,3,1,2,7,0,Low
7,7,16,5,3,8,2,7,55,0,Medium
2,26,1,7,2,9,0,9,62,1,Low
5,14,2,43,4,8,3,10,90,1,Medium
8,26,7,32,3,4,0,2,73,1,Low
8,18,11,80,1,1,3,7,98,0,Medium
3,15,0,74,5,4,0,7,77,1,Low
7,2,9,76,5,9,7,7,55,0,High
3,10,19,49,1,2,6,3,36,0,High
6,23,2,10,1,3,2,7,89,0,Low
6,12,5,27,5,10,2,1,24,0,Medium
3,17,6,69,3,8,0,10,44,0,High
7,8,19,40,5,6,6,1,17,0,High
3,11,17,15,1,8,1,5,2,1,Medium
8,29,10,67,4,7,2,2,13,1,High
10,3,18,47,2,5,7,9,31,1,High
4,27,4,55,4,9,3,7,93,1,Medium
1,6,18,63,4,4,3,4,28,0,High
4,9,10,58,1,6,4,4,60,0,Medium
7,6,11,89,5,2,5,2,27,1,High
4,9,9,61,3,2,6,5,15,1,High
6,7,7,75,4,2,5,4,95,1,Medium
9,9,8,10,5,10,5,1,79,1,Medium
1,18,3,88,3,7,3,8,33,1,High
5,12,4,17,4,2,7,3,20,1,Medium
7,8,7,18,3,2,7,6,42,1,Medium
1,8,8,86,5,9,4,4,12,1,High
4,18,14,54,2,7,5,9,73,0,High
6,28,14,81,5,3,5,7,23,0,High
2,30,15,25,1,3,0,9,72,0,Medium
10,20,13,5,3,7,0,10,96,0,Medium
5,30,7,3,2,5,0,3,14,1,Low
10,15,17,28,3,10,1,1,91,0,Medium
1,27,9,58,3,6,5,5,25,1,High
6,7,19,16,4,8,7,3,77,0,High
6,11,5,42,1,9,7,6,85,1,Medium
4,20,11,79,3,1,1,8,31,1,High
8,16,1,65,5,3,7,4,54,0,High
4,4,6,33,5,7,4,5,5,0,High
8,6,15,7,4,6,6,5,13,1,High
8,26,2,12,1,7,3,4,28,1,Low
5,22,12,7,1,8,5,4,43,1,Medium
4,26,2,64,5,6,7,4,89,0,Medium
2,3,17,42,2,3,3,4,99,0,Medium
3,9,10,38,4,2,7,4,47,1,Medium
3,28,7,80,4,7,6,5,71,0,High
4,10,5,58,5,1,0,2,38,1,Low
4,14,0,83,5,3,5,2,96,0,Medium
10,11,0,87,2,4,2,9,67,0,High
5,18,7,85,2,1,1,2,62,0,Medium
4,22,4,85,1,5,1,6,39,0,Medium
10,12,15,43,4,10,5,2,37,0,High
8,23,10,8,4,3,6,5,86,1,Low
6,12,4,36,5,2,0,4,8,1,Medium
6,13,3,73,1,3,1,7,81,0,Medium
8,25,5,35,4,8,0,7,52,1,Medium
7,13,13,27,1,6,4,6,91,1,Medium
10,19,18,41,1,7,3,10,33,0,High
10,26,8,42,5,6,6,5,81,1,Medium
8,19,11,84,1,6,2,1,42,0,High
2,23,10,87,2,3,3,3,76,1,Medium
9,14,13,41,2,8,3,9,27,1,High
